<?xml version="1.0" encoding="UTF-8"?>
<beans:beans xmlns="http://www.springframework.org/schema/mvc"
	xmlns:xsi="http://www.w3.org/2001/XMLSchema-instance" xmlns:beans="http://www.springframework.org/schema/beans"
	xmlns:task="http://www.springframework.org/schema/task" xmlns:mvc="http://www.springframework.org/schema/mvc"
	xsi:schemaLocation="http://www.springframework.org/schema/mvc http://www.springframework.org/schema/mvc/spring-mvc-3.2.xsd
		http://www.springframework.org/schema/task http://www.springframework.org/schema/task/spring-task-3.2.xsd
		http://www.springframework.org/schema/beans http://www.springframework.org/schema/beans/spring-beans-3.2.xsd"
		xmlns:p="http://www.springframework.org/schema/p">

	<!-- DispatcherServlet Context: defines this servlet's request-processing 
		infrastructure -->

	<!-- Enables the Spring MVC @Controller programming model -->
	<annotation-driven enableMatrixVariables="true" />

	<!-- Handles HTTP GET requests for /resources/** by efficiently serving 
		up static resources in the ${webappRoot}/resources/ directory -->

	<resources mapping="/resources/**" location="/resources/" />

	<!-- Imports user-defined @Controller beans that process client requests -->
	<!-- 다른 xml파일 import -->
	<beans:import resource="controllers.xml" />

	<beans:bean id="beanNameViewResolver" class="org.springframework.web.servlet.view.BeanNameViewResolver" p:order="1"/>
 
 	<beans:bean id="internalResourceViewResolver" class="org.springframework.web.servlet.view.InternalResourceViewResolver"
 		 p:order="2" p:prefix="/WEB-INF/" p:suffix=".html"></beans:bean>
	
	<!-- Resolves views selected for rendering by @Controllers to .jsp resources in the /WEB-INF/views directory -->
	<!-- 뷰를 선택하는 규칙을 설정 -->
	<beans:bean
		class="org.springframework.web.servlet.view.InternalResourceViewResolver">
		<!-- 뷰 이름 앞뒤에 붙여주게 만든다. -->
		<!-- 뷰의 이름 앞에 들어가는 디렉토리 위치 -->
		<beans:property name="prefix" value="/WEB-INF/views/" />
		<!-- 뷰 이름의 뒤 -->
		<beans:property name="suffix" value=".jsp" />
	</beans:bean>
	<!-- Only needed because we require fileupload in the org.springframework.samples.mvc.fileupload package -->
	<beans:bean id="multipartResolver"
		class="org.springframework.web.multipart.commons.CommonsMultipartResolver" />
	<beans:bean
		class="org.springframework.web.servlet.mvc.annotation.AnnotationMethodHandlerAdapter">
		<beans:property name="messageConverters">
			<beans:list>
				<beans:bean
					class="org.springframework.http.converter.json.MappingJacksonHttpMessageConverter" />
				<beans:bean
					class="org.springframework.http.converter.xml.Jaxb2RootElementHttpMessageConverter" />
			</beans:list>
		</beans:property>
	</beans:bean>
<!-- 	<beans:bean id="messageSource" -->
<!-- 		class="org.springframework.context.support.ReloadableResourceBundleMessageSource"> -->
<!-- 		<beans:property name="basename" value="/WEB-INF/messages/messages" /> -->
<!-- 		<beans:property name="cacheSeconds" value="0" /> -->
<!-- 	</beans:bean> -->


</beans:beans>