<?xml version="1.0" encoding="UTF-8"?>
<!DOCTYPE mapper PUBLIC '-//mybatis.org//DTD Mapper 3.0//EN'
  'http://mybatis.org/dtd/mybatis-3-mapper.dtd'>

<mapper namespace='com.keti.rrui.dao.ContextDao'>

	<resultMap type='Context' id='ContextResult'>
		<id property='UserID' column='UserID' />
		<result property='Pincode' column='Pincode' />
		<result property='Age' column='Age' />
		<result property='Gender' column='Gender' />
		<result property='Nation' column='Nation' />
		<result property='Preference' column='Preference' />
		<result property='Tendency' column='Tendency' />
		<result property='Height' column='Height' />
		<result property='Weight' column='Weight' />
		<result property='IsEarlyAdaptor' column='IsEarlyAdaptor' />
		<result property='IsSingle' column='IsSingle' />
		<result property='LifeStyle' column='LifeStyle' />
		<result property='IoTStyle' column='IoTStyle' />
		<result property='FavoriteURL' column='FavoriteURL' />
		<result property='FavoriteShopURL' column='FavoriteShopURL' />
		<result property='SleepPattern' column='SleepPattern' />
		<result property='OnExercise' column='OnExercise' />
		<result property='OnDiet' column='OnDiet' />
		<result property='Location' column='Location' />
		<result property='Temperature' column='Temperature' />
		<result property='AirPollution' column='AirPollution' />
		<result property='Emotion' column='Emotion' />
		<result property='TimeStatus' column='TimeStatus' />
		<result property='PhysicalCondition' column='PhysicalCondition' />
		<result property='Action' column='Action' />
		<result property='Weather' column='Weather' />
		<result property='Default' column='_Default' />
		<result property='CD_ID' column='CD_ID' /> 
		<result property='BrowsingLevel' column='BrowsingLevel' /> 
		<result property='ConsumptionLevel' column='ConsumptionLevel' /> 
		<result property='ConsumptionChange' column='ConsumptionChange' /> 
		<result property='CO2' column='CO2' /> 
		<result property='BloodPressure' column='BloodPressure' /> 
		<result property='ExcitementIndex' column='ExcitementIndex' /> 
		<result property='DiscomfortIndex' column='DiscomfortIndex' /> 
		<result property='TirednessIndex' column='TirednessIndex' /> 
		<result property='ExerciseType' column='ExerciseType' /> 
		<result property='Group' column='_Group' /> 
		<result property='Icon' column='Icon' /> 
		<result property='Device' column='Device' /> 
	</resultMap>

	<select id='getContext' parameterType='String' resultMap='ContextResult'>
		SELECT *
		FROM UserContext
		where UserID=#{UserID}
	</select>
	
	<select id='getContextAll' resultMap='ContextResult'>
		SELECT *
		FROM UserContext
	</select>

	<select id='getCtxPincode' parameterType='String' resultType='java.lang.String'>
		SELECT Pincode 
		FROM UserContext
		where UserID=#{UserID}
	</select>
	
	<update id='UpdateContext' parameterType='Context'>
		UPDATE UserContext 
		SET
        Age=#{Age}, Gender=#{Gender}, Nation=#{Nation},
        Preference=#{Preference}, Tendency=#{Tendency}, Height=#{Height},
        Weight=#{Weight}, IsEarlyAdaptor=#{IsEarlyAdaptor},
        IsSingle=#{IsSingle},
        LifeStyle=#{LifeStyle}, IoTStyle=#{IoTStyle},
        FavoriteURL=#{FavoriteURL},
        FavoriteShopURL=#{FavoriteShopURL},
        SleepPattern=#{SleepPattern},
        OnExercise=#{OnExercise}, OnDiet=#{OnDiet},
        Location=#{Location},
        Temperature=#{Temperature}, AirPollution=#{AirPollution},
        Emotion=#{Emotion}, TimeStatus=#{TimeStatus},
        Action=#{Action}, Weather=#{Weather}, 
        ConsumptionLevel=#{ConsumptionLevel},
        ConsumptionChange=#{ConsumptionChange}, CO2=#{CO2},
        BloodPressure=#{BloodPressure}, ExcitementIndex=#{ExcitementIndex}, 
        ExerciseType=#{ExerciseType}, 
        Icon=#{Icon},
        BrowsingLevel=#{BrowsingLevel}, 
        Device=#{Device}, 
        _Default=#{Default}, _Group=#{Group}
        WHERE
        UserID = #{UserID}
        
	</update>
</mapper>