<?xml version="1.0" encoding="UTF-8"?>
<!DOCTYPE configuration
  PUBLIC '-//mybatis.org//DTD Config 3.0//EN'
  'http://mybatis.org/dtd/mybatis-3-config.dtd'>

<configuration>

	<settings>
		<setting name="cacheEnabled" value="false" />
		<setting name="useGeneratedKeys" value="true" />
		<setting name="defaultExecutorType" value="REUSE" />
	</settings>

	<typeAliases>
		<typeAlias alias="Context" type="com.keti.rrui.vo.Context"></typeAlias>
	</typeAliases>

	<mappers>
		<mapper resource="com/keti/rrui/mapper/ContextMapper.xml"></mapper>
	</mappers>

</configuration>
