<?xml version="1.0" encoding="UTF-8"?>
<beans xmlns="http://www.springframework.org/schema/beans"
	xmlns:xsi="http://www.w3.org/2001/XMLSchema-instance"
	xmlns:aop="http://www.springframework.org/schema/aop"
	xmlns:tx="http://www.springframework.org/schema/tx"
	xsi:schemaLocation="http://www.springframework.org/schema/beans http://www.springframework.org/schema/beans/spring-beans-3.0.xsd
						http://www.springframework.org/schema/aop http://www.springframework.org/schema/aop/spring-aop-3.0.xsd
						http://www.springframework.org/schema/context http://www.springframework.org/schema/context/spring-context-3.0.xsd
						http://www.springframework.org/schema/tx http://www.springframework.org/schema/tx/spring-tx-3.0.xsd
						http://www.springframework.org/schema/util http://www.springframework.org/schema/util/spring-util-3.0.xsd
						http://www.springframework.org/schema/aop 
			            http://www.springframework.org/schema/aop/spring-aop-3.0.xsd
			            http://www.springframework.org/schema/tx 
			            http://www.springframework.org/schema/tx/spring-tx-3.0.xsd">

	<bean class="org.springframework.beans.factory.config.PropertyPlaceholderConfigurer">
		<property name="locations" value= "/WEB-INF/spring/mybatis/dbpool.properties">
		</property>
	</bean>

	<bean id="dataSource" class="org.apache.commons.dbcp.BasicDataSource"
		destroy-method="close">
		<property name="driverClassName" value="${jdbc.driverClass}" />
		<property name="url" value="${jdbc.url}" />
		<property name="username" value="${jdbc.username}" />
		<property name="password" value="${jdbc.password}" />
		<property name="initialSize" value="${jdbc.min.size}" />
		<property name="maxActive" value="${jdbc.max.size}" />
		<property name="maxIdle" value="50" />
		<property name="minIdle" value="10" />
		<!-- 특정 시간마다 validationQuery를 실행 셋팅 시작 -->
		<property name="validationQuery" value="select 1" />
		<property name="testWhileIdle" value="true" />
		<property name="timeBetweenEvictionRunsMillis" value="7200000" />
		<!-- 특정 시간마다 validationQuery를 실행 셋팅 끝 -->
	</bean>

	<bean id="sqlSessionFactory" class="org.mybatis.spring.SqlSessionFactoryBean">
		<property name="dataSource" ref="dataSource" />
		
<!-- 	지정한 패키지의 vo를 자동으로 검색해서 연결 -->
<!-- 	<property name="typeAliasesPackage" value="net.bitacademy.project.model" /> -->
<!-- 	sql쿼리 파일들을 불러오는 설정? 쿼리가 담긴 mapper라는 패키지를 *.xml을 사용하여 검색하도록 함 -->
<!-- 	<property name="mapperLocations" value="classpath*:net/bitacademy/project/mapper/*.xml" /> -->

		<property name="configLocation" value="classpath:com/keti/rrui/mybatis-config.xml" />
	</bean>

	<bean id="sqlSession" class="org.mybatis.spring.SqlSessionTemplate">
		<constructor-arg index="0" ref="sqlSessionFactory" />
	</bean>
	
	<bean id="transactionManager"
		class="org.springframework.jdbc.datasource.DataSourceTransactionManager">
		<property name="dataSource" ref="dataSource" />
	</bean>

	<aop:config>
		<aop:advisor pointcut="execution(* *..Impl.*(..))"
			advice-ref="txAdvice" />
	</aop:config>

	<tx:advice id="txAdvice">
		<tx:attributes>
			<tx:method name="*"/>
		</tx:attributes>
	</tx:advice>

</beans>